_id,isCompany,name,email,phone,createdBy,createdAt,updatedAt,__v
6031bbe4d598e87402e0efa7,false,Virgil Deckow,Boyd_Marks@hotmail.com,753-424-8251,6031afe5d598e87402e0ef43,2021-02-21T01:48:20.550Z,2021-02-21T01:48:20.550Z,0
6031bbe5d598e87402e0efa8,false,Randy Cartwright,Rossie.Runolfsdottir63@gmail.com,486-886-2061,6031afe5d598e87402e0ef43,2021-02-21T01:48:21.779Z,2021-02-21T01:48:21.779Z,0
6031bbe6d598e87402e0efa9,false,Dr. Preston Kuhic,Audra15@gmail.com,441-953-8242,6031afe5d598e87402e0ef43,2021-02-21T01:48:22.549Z,2021-02-21T01:48:22.549Z,0
6031bbe7d598e87402e0efaa,false,Dr. Darla Emmerich,Darryl43@yahoo.com,811-441-6342,6031afe5d598e87402e0ef43,2021-02-21T01:48:23.283Z,2021-02-21T01:48:23.283Z,0
6031bbe7d598e87402e0efab,false,Yolanda Koepp,Nikolas75@yahoo.com,998-797-5028,6031afe5d598e87402e0ef43,2021-02-21T01:48:23.943Z,2021-02-21T01:48:23.943Z,0
6031bbe8d598e87402e0efac,true,Littel LLC,Marlen_Donnelly85@yahoo.com,656-581-1767,6031afe5d598e87402e0ef43,2021-02-21T01:48:24.693Z,2021-02-21T01:48:24.693Z,0
6031bbe9d598e87402e0efad,true,"Watsica, Abernathy and Lemke",Morton.Daniel@yahoo.com,277-651-7541,6031afe5d598e87402e0ef43,2021-02-21T01:48:25.549Z,2021-02-21T01:48:25.549Z,0
6031bbead598e87402e0efae,true,"Harber, Gaylord and Langworth",Antone14@hotmail.com,649-712-1280,6031afe5d598e87402e0ef43,2021-02-21T01:48:26.387Z,2021-02-21T01:48:26.387Z,0
6031bbebd598e87402e0efaf,false,Derek Kilback,Kitty62@hotmail.com,305-896-6306,6031afe5d598e87402e0ef43,2021-02-21T01:48:27.006Z,2021-02-21T01:48:27.006Z,0
6031bbebd598e87402e0efb0,true,Hyatt LLC,Leanna_Parisian@gmail.com,613-835-4697,6031afe5d598e87402e0ef43,2021-02-21T01:48:27.813Z,2021-02-21T01:48:27.813Z,0
6031bbecd598e87402e0efb1,false,Lance Bahringer,Erna_Kutch21@hotmail.com,273-400-9972,6031afe5d598e87402e0ef43,2021-02-21T01:48:28.543Z,2021-02-21T01:48:28.543Z,0
6031bbedd598e87402e0efb2,false,Neal Homenick,Rozella_Bins@hotmail.com,637-917-9267,6031afe5d598e87402e0ef43,2021-02-21T01:48:29.260Z,2021-02-21T01:48:29.260Z,0
6031bbedd598e87402e0efb3,false,Gordon Bahringer,Nona_Hand@yahoo.com,430-652-2179,6031afe5d598e87402e0ef43,2021-02-21T01:48:29.983Z,2021-02-21T01:48:29.983Z,0
6031bbeed598e87402e0efb4,false,Stacey Borer,Joanny.Beatty14@hotmail.com,247-544-8987,6031afe5d598e87402e0ef43,2021-02-21T01:48:30.657Z,2021-02-21T01:48:30.657Z,0
6031bbefd598e87402e0efb5,true,"Braun, Corkery and Torphy",Caterina.Herzog@hotmail.com,720-313-2389,6031afe5d598e87402e0ef43,2021-02-21T01:48:31.299Z,2021-02-21T01:48:31.299Z,0
6031bbf0d598e87402e0efb6,false,Ramiro Kuhlman,Trisha27@yahoo.com,863-267-8530,6031afe5d598e87402e0ef43,2021-02-21T01:48:32.054Z,2021-02-21T01:48:32.054Z,0
6031bbf0d598e87402e0efb7,false,Elaine Wolf Sr.,Amie.Doyle@gmail.com,930-764-4310,6031afe5d598e87402e0ef43,2021-02-21T01:48:32.705Z,2021-02-21T01:48:32.705Z,0
6031bbf1d598e87402e0efb8,true,Hilpert - Abshire,Jaquelin18@yahoo.com,734-849-9481,6031afe5d598e87402e0ef43,2021-02-21T01:48:33.328Z,2021-02-21T01:48:33.328Z,0
6031bbf2d598e87402e0efb9,true,Kozey - Trantow,Luisa34@gmail.com,296-579-1899,6031afe5d598e87402e0ef43,2021-02-21T01:48:34.148Z,2021-02-21T01:48:34.148Z,0
6031bbf2d598e87402e0efba,false,Daisy Brekke I,Hassie_Ferry30@gmail.com,542-614-2931,6031afe5d598e87402e0ef43,2021-02-21T01:48:34.947Z,2021-02-21T01:48:34.947Z,0
6031bbf3d598e87402e0efbb,false,Beatrice Stroman,Keyshawn.Bosco86@gmail.com,341-859-9312,6031afe5d598e87402e0ef43,2021-02-21T01:48:35.656Z,2021-02-21T01:48:35.656Z,0
6031bbf4d598e87402e0efbc,false,Candace Emard,Ida.Wolff@gmail.com,650-597-6362,6031afe5d598e87402e0ef43,2021-02-21T01:48:36.420Z,2021-02-21T01:48:36.420Z,0
6031bbf5d598e87402e0efbd,false,Luis Gusikowski,Timmy.Bayer42@hotmail.com,607-447-7407,6031afe5d598e87402e0ef43,2021-02-21T01:48:37.255Z,2021-02-21T01:48:37.255Z,0
6031bbf5d598e87402e0efbe,true,"Hagenes, Grady and Greenfelder",Maribel15@hotmail.com,513-751-2010,6031afe5d598e87402e0ef43,2021-02-21T01:48:37.953Z,2021-02-21T01:48:37.953Z,0
6031bbf6d598e87402e0efbf,false,Dr. Eleanor Balistreri,Lauryn_Dooley@yahoo.com,319-248-2738,6031afe5d598e87402e0ef43,2021-02-21T01:48:38.918Z,2021-02-21T01:48:38.918Z,0
6031bbf7d598e87402e0efc0,true,Carter - Pfannerstill,Emiliano_Hartmann3@hotmail.com,446-331-4390,6031afe5d598e87402e0ef43,2021-02-21T01:48:39.638Z,2021-02-21T01:48:39.638Z,0
6031bbf8d598e87402e0efc1,true,Little - Bergstrom,Alverta_Reinger42@hotmail.com,704-781-8320,6031afe5d598e87402e0ef43,2021-02-21T01:48:40.328Z,2021-02-21T01:48:40.328Z,0
6031bbf8d598e87402e0efc2,true,"Dibbert, Klocko and Lesch",Alison.Turner45@gmail.com,836-820-1586,6031afe5d598e87402e0ef43,2021-02-21T01:48:40.904Z,2021-02-21T01:48:40.904Z,0
6031bbf9d598e87402e0efc3,false,Lyle Ward,Abigayle.Maggio31@gmail.com,309-361-4337,6031afe5d598e87402e0ef43,2021-02-21T01:48:41.439Z,2021-02-21T01:48:41.439Z,0
6031bbf9d598e87402e0efc4,true,Friesen - Beatty,Kamille.Fay@yahoo.com,517-504-4828,6031afe5d598e87402e0ef43,2021-02-21T01:48:41.904Z,2021-02-21T01:48:41.904Z,0
6031bbfad598e87402e0efc5,false,Blanche Herman,Chandler58@gmail.com,875-200-2999,6031afe5d598e87402e0ef43,2021-02-21T01:48:42.409Z,2021-02-21T01:48:42.409Z,0
6031bbfad598e87402e0efc6,true,"Rath, Kovacek and Koelpin",Consuelo_Hansen@gmail.com,209-773-3467,6031afe5d598e87402e0ef43,2021-02-21T01:48:42.971Z,2021-02-21T01:48:42.971Z,0
6031bbfbd598e87402e0efc7,false,Terence Hand,Lia22@yahoo.com,793-961-8707,6031afe5d598e87402e0ef43,2021-02-21T01:48:43.699Z,2021-02-21T01:48:43.699Z,0
6031bbfcd598e87402e0efc8,false,"Colleen D'Amore",Vladimir78@gmail.com,569-588-2511,6031afe5d598e87402e0ef43,2021-02-21T01:48:44.197Z,2021-02-21T01:48:44.197Z,0
6031bc00d598e87402e0efc9,true,Leffler and Sons,Fernando.Williamson48@gmail.com,998-368-5902,6031afe5d598e87402e0ef43,2021-02-21T01:48:48.247Z,2021-02-21T01:48:48.247Z,0
6031bc01d598e87402e0efca,true,Kunde LLC,Odie_Kuhic@yahoo.com,679-754-9679,6031afe5d598e87402e0ef43,2021-02-21T01:48:49.004Z,2021-02-21T01:48:49.004Z,0
6031bc01d598e87402e0efcb,false,Barry Erdman,Newell_Heidenreich@hotmail.com,400-340-5389,6031afe5d598e87402e0ef43,2021-02-21T01:48:49.632Z,2021-02-21T01:48:49.632Z,0
6031bc02d598e87402e0efcc,true,"Conn, Koch and McCullough",Celestine25@yahoo.com,234-644-0721,6031afe5d598e87402e0ef43,2021-02-21T01:48:50.332Z,2021-02-21T01:48:50.332Z,0
6031bc02d598e87402e0efcd,false,Gregory Kunde,Elyssa.Stokes@gmail.com,952-268-6821,6031afe5d598e87402e0ef43,2021-02-21T01:48:50.998Z,2021-02-21T01:48:50.998Z,0
6031bc03d598e87402e0efce,false,"Nicholas O'Hara",Nasir_Tromp@gmail.com,376-338-5547,6031afe5d598e87402e0ef43,2021-02-21T01:48:51.723Z,2021-02-21T01:48:51.723Z,0
6031bc04d598e87402e0efcf,true,Kuhlman - Herman,Ezra_Hyatt@yahoo.com,287-591-9719,6031afe5d598e87402e0ef43,2021-02-21T01:48:52.362Z,2021-02-21T01:48:52.362Z,0
6031bc09d598e87402e0efd0,false,Glenn Abernathy,Alexzander.Kutch83@yahoo.com,353-267-1496,6031afe5d598e87402e0ef43,2021-02-21T01:48:57.537Z,2021-02-21T01:48:57.537Z,0
6031bc0bd598e87402e0efd1,true,Nienow LLC,Kathryne.Kshlerin@hotmail.com,477-715-1712,6031afe5d598e87402e0ef43,2021-02-21T01:48:59.210Z,2021-02-21T01:48:59.210Z,0
6031bc0cd598e87402e0efd2,true,"Boehm, Beier and Aufderhar",Sienna.Hartmann@gmail.com,880-641-0381,6031afe5d598e87402e0ef43,2021-02-21T01:49:00.441Z,2021-02-21T01:49:00.441Z,0
6031bc0dd598e87402e0efd3,true,"O'Conner - Gaylord",Santiago.Leuschke11@hotmail.com,739-214-6840,6031afe5d598e87402e0ef43,2021-02-21T01:49:01.341Z,2021-02-21T01:49:01.341Z,0